algorithm,task,observation,budget,c2st,runtime,sim_calls
our_abc_ra,gaussian_linear,1,5000,0.989545464515686,0.05800127983093262,5000
our_abc_ra,two_moons,1,5000,0.9727272987365723,0.04554867744445801,5000
our_abc_ra,slcp,1,5000,0.9952727556228638,0.06234288215637207,5000
